region_code,display_order,name,food_category,one_line_intro,address,opening_hours,phone_number,image_file_name
SINSA,1,"야스노야지로 압구정점",JAPANESE,"일본 감성 닮은 양고기 오마카세","서울 강남구 논현로163길 13-5 한가빌딩 1층","매일 17:00~22:00","02-515-0818","sinsa_01_main.jpg"
SINSA,2,"산동교자관",CHINESE,"육즙 가득한 정통 중식 만두집","서울 강남구 압구정로 214","월~토 12:00~21:00 (일요일 휴무)","02-514-2608","sinsa_02_main.jpg"
SINSA,3,"가담",CHINESE,"누룽지 품은 고추탕수육 명가","서울 강남구 언주로167길 35 1층","매일 11:20~21:30 (15:00~17:00 브레이크타임)","02-545-5163","sinsa_03_main.jpg"
SINSA,4,"영동설렁탕",KOREAN,"맛있는 설렁탕과 수육","서울 서초구 강남대로101안길 24 1층","매일 24시간","02-543-4716","sinsa_04_main.jpg"
SINSA,5,"멘쇼쿠",JAPANESE,"진하고 쫄깃한 츠케멘","서울 서초구 강남대로99길 10 B동 2층","매일 11:30~20:30","010-5545-7226","sinsa_05_main.jpg"
HYEHWA,1,"오쏘파스타",WESTERN,"예약 필수 감성 가득한 이탈리안 식당","서울 종로구 낙산길 21 1층","토~일 12:20~19:50","010-2817-9935","hyehwa_01_main.jpg"
HYEHWA,2,"혜화칼국수",KOREAN,"45년 전통 깊은 사골 칼국수","서울 종로구 창경궁로35길 13 1층","매일 11:00~21:00 (15:00~16:00 브레이크타임)","02-743-8212","hyehwa_02_main.jpg"
HYEHWA,3,"순대실록 대학로본점",KOREAN,"전통과 연구가 빚어낸 순대 명작","서울 종로구 동숭길 113 1층","매일 10:00~23:30","02-742-5338","hyehwa_03_main.jpg"
HYEHWA,4,"학림다방",CAFE_DESSERT,"분위기 좋은 오래된 앤틱한 감성 카페","서울 종로구 대학로 119 2층","매일 10:00~22:50","02-742-2877","hyehwa_04_main.jpg"
HYEHWA,5,"부부식당",KOREAN,"감성 가득한 퓨전 분식 맛집","서울 종로구 동숭길 43 2층","월~토 11:00~21:30 (일요일 휴무)","02-765-6056","hyehwa_05_main.jpg"
SEOCHEON,1,"도량",CHINESE,"임태훈 셰프의 맛있는 중식 요리들","서울 종로구 자하문로6길 6 백송빌딩 2층","화~일 11:00~21:30 (14:30~17:00 브레이크타임)","02-739-0145","seocheon_01_main.jpg"
SEOCHEON,2,"팔",CAFE_DESSERT,"맛있는 커피와 달콤한 프렌치토스트","서울 종로구 자하문로9길 6 1층","매일 10:00~20:00","010-4814-2468","seocheon_02_main.jpg"
SEOCHEON,3,"서촌곳간",PUB_BAR,"감성 가득한 퓨전한식주점","서울 종로구 필운대로 6-1 아이에스빌딩 1층","매일 16:00~01:00","010-4098-0501","seocheon_03_main.jpg"
SEOCHEON,4,"아키비스트",CAFE_DESSERT,"쫀쫀하고 맛있는 아인슈페너 명가","서울 종로구 효자로13길 52 1층","매일 09:00~20:30","02-738-1517","seocheon_04_main.jpg"
SEOCHEON,5,"김진목삼",KOREAN,"직접 구워주는 맛있는 생삼겹살","서울 종로구 자하문로1길 56 1층","매일 11:30~22:00","02-929-2929","seocheon_05_main.jpg"
HANNAM,1,"타크",OTHER,"한남동 골목 안의 맛있는 멕시칸 타코","서울 용산구 이태원로42길 28-4","매일 12:00~22:00",,"hannam_01_main.jpg"
HANNAM,2,"쥬에",CHINESE,"예술적인 공간에서 맛있는 중식","서울 용산구 독서당로 124-7 지하1층, 1-2층","매일 11:30~21:30 (15:00~17:30 브레이크타임)","02-798-9700","hannam_02_main.jpg"
HANNAM,3,"오만지아",WESTERN,"한남동의 맛있는 이태리 식당","서울 용산구 유엔빌리지길 14 1층","매일 12:00~24:00","02-749-2900","hannam_03_main.jpg"
HANNAM,4,"이태원우육미옌",CHINESE,"빈티지 감성의 깊은 우육면","서울 용산구 이태원로55가길 26-8 1-2층","매일 11:00~21:00 (15:30~17:00 브레이크타임)",,"hannam_04_main.jpg"
HANNAM,5,"마일스톤커피 한남",CAFE_DESSERT,"한남동 거리의 정성 가득한 커피","서울 용산구 한남대로27가길 26 1층","매일 10:00~21:00","070-7807-3046","hannam_05_main.jpg"
JONGNO,1,"백부장집닭한마리",KOREAN,"진한 닭한마리와 맛있는 떡사리의 조화","서울 종로구 삼봉로 100-1 1층","월~토 11:00~22:00 (15:00~17:00 브레이크타임, 일요일 휴무)","02-732-2565","jongno_01_main.jpg"
JONGNO,2,"종로계림닭도리탕 본점",KOREAN,"마늘 가득한 향의 닭도리탕","서울 종로구 돈화문로4길 39 1층","월~토 11:30~21:30 (15:30~16:30 브레이크타임, 일요일 휴무)","02-2263-6658","jongno_02_main.jpg"
JONGNO,3,"일미식당",KOREAN,"세운상가 지하의 정겹고 맛있는 백반집","서울 종로구 삼일대로 428 낙원악기상가 지하1층 148호","월~토 11:30~21:30 (15:30~16:30 브레이크타임, 일요일 휴무)","02-766-6588","jongno_03_main.jpg"
JONGNO,4,"서린낙지",KOREAN,"화끈하고 맛있는 양념의 낙지볶음과 소세지볶음","서울 종로구 종로 19 르메이에르종로타운 2층","월~토 11:30~21:30 (15:30~17:30 브레이크타임, 일요일 휴무)","02-735-0670","jongno_04_main.jpg"
JONGNO,5,"일월카츠 계동점",JAPANESE,"종로구의 맛있는 일식 돈카츠집","서울 종로구 계동길 17 1층","매일 11:30~21:00 (15:00~17:00 브레이크타임)","0503-7153-1966","jongno_05_main.jpg"
